RA_SO,RA_dm,run_mm_cyr,dor_pc_pva,gwt_cm_cav,ele_mt_cav,slp_dg_cav,sgr_dk_rav,tmp_dc_cyr,tmp_dc_cdi,pre_mm_cyr,pre_mm_cdi,for_pc_cse,crp_pc_cse,pst_pc_cse,ire_pc_cse,gla_pc_cse,prm_pc_cse,ppd_pk_cav,Temp_water,pH,DO_mgL,DOSAT,RA_ms_av,RA_ms_di
2,0.705442,187,0,49,743,46,16,87,203,526,50,0,81,1,1,0,0,2168.388,8.66,6.5,10.25,87.93,0.493269045,1.186962392
2,0.705442,187,0,49,743,46,16,87,203,526,50,0,81,1,1,0,0,2168.388,8.66,6.5,10.25,87.93,0.493269045,1.186962392
2,0.705442,187,0,49,743,46,16,87,203,526,50,0,81,1,1,0,0,2168.388,8.66,6.5,10.25,87.93,0.493269045,1.186962392
2,0.275159,429,0,134,97,26,38,127,243,1005,31,100,1,0,3,0,0,146.491,19.95,6.5,9.42,103.51,0.602966457,0.837069479
2,0.275159,429,0,134,97,26,38,127,243,1005,31,100,1,0,3,0,0,146.491,19.95,6.5,9.42,103.51,0.602966457,0.837069479
2,0.275159,429,0,134,97,26,38,127,243,1005,31,100,1,0,3,0,0,146.491,19.95,6.5,9.42,103.51,0.602966457,0.837069479
2,0.518305,442,0,456,244,76,59,106,254,1047,30,100,26,4,1,0,0,180.212,14.93,6.5,9.42,93.22,0.433715861,1.098662793
2,0.518305,442,0,456,244,76,59,106,254,1047,30,100,26,4,1,0,0,180.212,14.93,6.5,9.42,93.22,0.433715861,1.098662793
2,0.518305,442,0,456,244,76,59,106,254,1047,30,100,26,4,1,0,0,180.212,14.93,6.5,9.42,93.22,0.433715861,1.098662793
3,0.969993,692,0,298,317,78,31,72,270,1119,35,100,8,0,0,0,0,262.081,14.89,6.5,11.31,111.85,0.562337339,1.1537748
3,0.969993,692,0,298,317,78,31,72,270,1119,35,100,8,0,0,0,0,262.081,14.89,6.5,11.31,111.85,0.562337339,1.1537748
3,0.969993,692,0,298,317,78,31,72,270,1119,35,100,8,0,0,0,0,262.081,14.89,6.5,11.31,111.85,0.562337339,1.1537748
4,1.05476,296,142,1,1429,2,10,98,201,284,40,20,100,0,93,0,0,1.683,17.8,7.5,7.63,80.23,0.727705589,1.336058191
4,1.05476,296,142,1,1429,2,10,98,201,284,40,20,100,0,93,0,0,1.683,17.8,7.5,7.63,80.23,0.727705589,1.336058191
4,1.05476,296,142,1,1429,2,10,98,201,284,40,20,100,0,93,0,0,1.683,17.8,7.5,7.63,80.23,0.727705589,1.336058191
5,3.01622,278,1152,15,13,0,2,165,183,499,99,88,55,10,77,0,0,7.791,13.15,6.5,10.53,100.23,0.811624505,1.945217205
5,3.01622,278,1152,15,13,0,2,165,183,499,99,88,55,10,77,0,0,7.791,13.15,6.5,10.53,100.23,0.811624505,1.945217205
5,3.01622,278,1152,15,13,0,2,165,183,499,99,88,55,10,77,0,0,7.791,13.15,6.5,10.53,100.23,0.811624505,1.945217205
2,0.443779,163,0,28,187,6,53,181,122,284,47,1,37,8,48,0,0,560.795,29.98,9.5,18.88,249.65,0.306410817,1.18621971
2,0.443779,163,0,28,187,6,53,181,122,284,47,1,37,8,48,0,0,560.795,29.98,9.5,18.88,249.65,0.306410817,1.18621971
2,0.443779,163,0,28,187,6,53,181,122,284,47,1,37,8,48,0,0,560.795,29.98,9.5,18.88,249.65,0.306410817,1.18621971
5,1.50454,487,0,14,14,5,0,173,196,1234,87,4,21,1,0,0,0,127.834,25.62,6.5,6.36,77.85,1.028479555,0.926653213
5,1.50454,487,0,14,14,5,0,173,196,1234,87,4,21,1,0,0,0,127.834,25.62,6.5,6.36,77.85,1.028479555,0.926653213
5,1.50454,487,0,14,14,5,0,173,196,1234,87,4,21,1,0,0,0,127.834,25.62,6.5,6.36,77.85,1.028479555,0.926653213
3,0.800472,697,0,328,242,53,29,78,267,1032,36,100,5,5,0,0,0,31.026,15.88,6.5,9.66,97.68,0.549686011,1.086268563
3,0.800472,697,0,328,242,53,29,78,267,1032,36,100,5,5,0,0,0,31.026,15.88,6.5,9.66,97.68,0.549686011,1.086268563
3,0.800472,697,0,328,242,53,29,78,267,1032,36,100,5,5,0,0,0,31.026,15.88,6.5,9.66,97.68,0.549686011,1.086268563
3,0.561562,664,0,345,326,107,108,73,271,1073,41,100,5,2,0,0,0,32.56,18.68,6.5,9.45,101.19,0.45358039,0.988313944
3,0.561562,664,0,345,326,107,108,73,271,1073,41,100,5,2,0,0,0,32.56,18.68,6.5,9.45,101.19,0.45358039,0.988313944
3,0.561562,664,0,345,326,107,108,73,271,1073,41,100,5,2,0,0,0,32.56,18.68,6.5,9.45,101.19,0.45358039,0.988313944
4,1.37035,231,0,7,200,1,9,98,271,881,51,0,71,1,0,0,0,24.683,24.56,7,8.56,102.8,0.565947231,1.353404213
4,1.37035,231,0,7,200,1,9,98,271,881,51,0,71,1,0,0,0,24.683,24.56,7,8.56,102.8,0.565947231,1.353404213
4,1.37035,231,0,7,200,1,9,98,271,881,51,0,71,1,0,0,0,24.683,24.56,7,8.56,102.8,0.565947231,1.353404213
4,1.35167,477,0,17,11,6,5,160,204,1279,79,8,34,2,1,0,0,99.739,27.92,6.5,5.15,65.74,1.013842986,1.033357769
4,1.35167,477,0,17,11,6,5,160,204,1279,79,8,34,2,1,0,0,99.739,27.92,6.5,5.15,65.74,1.013842986,1.033357769
4,1.35167,477,0,17,11,6,5,160,204,1279,79,8,34,2,1,0,0,99.739,27.92,6.5,5.15,65.74,1.013842986,1.033357769
2,0.279864,129,0,415,3195,105,201,0,218,556,28,91,0,1,1,0,6,141.195,11.05,6.5,7.86,71.4,0.27614224,0.967161643
2,0.279864,129,0,415,3195,105,201,0,218,556,28,91,0,1,1,0,6,141.195,11.05,6.5,7.86,71.4,0.27614224,0.967161643
2,0.279864,129,0,415,3195,105,201,0,218,556,28,91,0,1,1,0,6,141.195,11.05,6.5,7.86,71.4,0.27614224,0.967161643
6,1.97875,207,72,36,184,3,4,86,281,769,64,0,24,1,0,0,0,1055.878,26.1,7.2,11.35,140.2,0.981002527,1.133999134
6,1.97875,207,72,36,184,3,4,86,281,769,64,0,24,1,0,0,0,1055.878,26.1,7.2,11.35,140.2,0.981002527,1.133999134
6,1.97875,207,72,36,184,3,4,86,281,769,64,0,24,1,0,0,0,1055.878,26.1,7.2,11.35,140.2,0.981002527,1.133999134
6,2.22074,21,1900,107,1014,15,0,92,284,426,69,0,35,39,4,0,0,3.976,20.47,8,8.26,91.71,0.560793327,1.710410003
6,2.22074,21,1900,107,1014,15,0,92,284,426,69,0,35,39,4,0,0,3.976,20.47,8,8.26,91.71,0.560793327,1.710410003
6,2.22074,21,1900,107,1014,15,0,92,284,426,69,0,35,39,4,0,0,3.976,20.47,8,8.26,91.71,0.560793327,1.710410003
2,0.454634,460,0,2,2,2,12,174,196,1287,95,100,8,1,1,0,0,367.817,30.16,6.5,4.36,57.87,0.766996901,0.647153636
2,0.454634,460,0,2,2,2,12,174,196,1287,95,100,8,1,1,0,0,367.817,30.16,6.5,4.36,57.87,0.766996901,0.647153636
2,0.454634,460,0,2,2,2,12,174,196,1287,95,100,8,1,1,0,0,367.817,30.16,6.5,4.36,57.87,0.766996901,0.647153636
5,0.706993,15,0,31,654,6,20,206,204,309,50,0,1,57,7,0,0,251.05,32.44,7,4.87,67.11,0.450708869,1.209198813
5,0.706993,15,0,31,654,6,20,206,204,309,50,0,1,57,7,0,0,251.05,32.44,7,4.87,67.11,0.450708869,1.209198813
5,0.706993,15,0,31,654,6,20,206,204,309,50,0,1,57,7,0,0,251.05,32.44,7,4.87,67.11,0.450708869,1.209198813
6,3.09366,1136,168,11,68,6,41,112,146,1094,179,64,68,32,11,0,0,420.967,15.67,6.25,9.42,94.79,1.244868205,1.74165576
6,3.09366,1136,168,11,68,6,41,112,146,1094,179,64,68,32,11,0,0,420.967,15.67,6.25,9.42,94.79,1.244868205,1.74165576
6,3.09366,1136,168,11,68,6,41,112,146,1094,179,64,68,32,11,0,0,420.967,15.67,6.25,9.42,94.79,1.244868205,1.74165576
2,0.458276,1159,0,10,73,8,18,112,146,1108,184,100,54,36,9,0,0,1928.633,19.14,6.25,8.31,89.78,0.548560539,1.060709181
2,0.458276,1159,0,10,73,8,18,112,146,1108,184,100,54,36,9,0,0,1928.633,19.14,6.25,8.31,89.78,0.548560539,1.060709181
2,0.458276,1159,0,10,73,8,18,112,146,1108,184,100,54,36,9,0,0,1928.633,19.14,6.25,8.31,89.78,0.548560539,1.060709181
1,0.15764,516,0,142,299,18,21,160,206,1285,67,15,0,0,0,0,0,984.224,23.66,6,7.27,85.82,0.253175793,0.48315221
1,0.15764,516,0,142,299,18,21,160,206,1285,67,15,0,0,0,0,0,984.224,23.66,6,7.27,85.82,0.253175793,0.48315221
1,0.15764,516,0,142,299,18,21,160,206,1285,67,15,0,0,0,0,0,984.224,23.66,6,7.27,85.82,0.253175793,0.48315221
2,0.537201,517,0,24,12,4,7,203,171,1260,99,48,35,53,4,0,0,60.595,32.93,7.5,10.96,152.38,0.836275916,0.85127559
2,0.537201,517,0,24,12,4,7,203,171,1260,99,48,35,53,4,0,0,60.595,32.93,7.5,10.96,152.38,0.836275916,0.85127559
2,0.537201,517,0,24,12,4,7,203,171,1260,99,48,35,53,4,0,0,60.595,32.93,7.5,10.96,152.38,0.836275916,0.85127559
5,1.55837,371,122,32,11,3,12,210,170,1062,103,69,48,38,3,0,0,27.287,33.25,8,8.1,113.29,1.187652189,1.312618771
5,1.55837,371,122,32,11,3,12,210,170,1062,103,69,48,38,3,0,0,27.287,33.25,8,8.1,113.29,1.187652189,1.312618771
5,1.55837,371,122,32,11,3,12,210,170,1062,103,69,48,38,3,0,0,27.287,33.25,8,8.1,113.29,1.187652189,1.312618771
5,0.672827,14,0,17,594,1,24,208,206,312,48,0,7,46,31,0,0,46.27,28.8,7.5,6.33,82.03,0.471832197,1.096837855
5,0.672827,14,0,17,594,1,24,208,206,312,48,0,7,46,31,0,0,46.27,28.8,7.5,6.33,82.03,0.471832197,1.096837855
5,0.672827,14,0,17,594,1,24,208,206,312,48,0,7,46,31,0,0,46.27,28.8,7.5,6.33,82.03,0.471832197,1.096837855
7,5.96785,551,168,55,187,8,13,43,281,879,51,0,10,1,0,0,0,823.269,20.7,6.5,6.22,69.32,1.777193282,1.313464129
7,5.96785,551,168,55,187,8,13,43,281,879,51,0,10,1,0,0,0,823.269,20.7,6.5,6.22,69.32,1.777193282,1.313464129
7,5.96785,551,168,55,187,8,13,43,281,879,51,0,10,1,0,0,0,823.269,20.7,6.5,6.22,69.32,1.777193282,1.313464129
2,0.394221,68,0,877,717,168,172,85,208,372,58,73,2,33,0,0,0,0,15.84,NaN,9.31,93.99,0.353643689,1.076390902
2,0.394221,68,0,877,717,168,172,85,208,372,58,73,2,33,0,0,0,0,15.84,NaN,9.31,93.99,0.353643689,1.076390902
2,0.394221,68,0,877,717,168,172,85,208,372,58,73,2,33,0,0,0,0,15.84,NaN,9.31,93.99,0.353643689,1.076390902
2,0.412787,69,0,903,622,120,131,88,211,339,52,0,4,91,0,0,0,0,20.57,NaN,9.73,108.23,0.349770045,1.099419034
2,0.412787,69,0,903,622,120,131,88,211,339,52,0,4,91,0,0,0,0,20.57,NaN,9.73,108.23,0.349770045,1.099419034
2,0.412787,69,0,903,622,120,131,88,211,339,52,0,4,91,0,0,0,0,20.57,NaN,9.73,108.23,0.349770045,1.099419034
2,0.441065,71,0,547,444,66,115,97,220,262,39,0,4,96,0,0,0,0,20.46,NaN,8.72,96.75,0.384298296,1.127158679
2,0.441065,71,0,547,444,66,115,97,220,262,39,0,4,96,0,0,0,0,20.46,NaN,8.72,96.75,0.384298296,1.127158679
2,0.441065,71,0,547,444,66,115,97,220,262,39,0,4,96,0,0,0,0,20.46,NaN,8.72,96.75,0.384298296,1.127158679
2,0.354995,232,0,570,887,90,194,65,202,552,87,36,6,94,3,0,0,0.564,17.86,NaN,8.63,90.92,0.523857884,1.14417463
2,0.354995,232,0,570,887,90,194,65,202,552,87,36,6,94,3,0,0,0.564,17.86,NaN,8.63,90.92,0.523857884,1.14417463
2,0.354995,232,0,570,887,90,194,65,202,552,87,36,6,94,3,0,0,0.564,17.86,NaN,8.63,90.92,0.523857884,1.14417463
1,0.0896727,76,0,651,462,65,24,92,226,218,28,28,7,74,9,0,0,237.74,17.54,NaN,9.41,98.43,0.111013708,0.31390083
1,0.0896727,76,0,651,462,65,24,92,226,218,28,28,7,74,9,0,0,237.74,17.54,NaN,9.41,98.43,0.111013708,0.31390083
1,0.0896727,76,0,651,462,65,24,92,226,218,28,28,7,74,9,0,0,237.74,17.54,NaN,9.41,98.43,0.111013708,0.31390083
3,0.560784,119,0,571,490,52,111,87,219,268,38,26,31,40,35,0,0,60.808,19.43,NaN,9.74,105.93,0.503225548,1.131819569
3,0.560784,119,0,571,490,52,111,87,219,268,38,26,31,40,35,0,0,60.808,19.43,NaN,9.74,105.93,0.503225548,1.131819569
3,0.560784,119,0,571,490,52,111,87,219,268,38,26,31,40,35,0,0,60.808,19.43,NaN,9.74,105.93,0.503225548,1.131819569
2,0.276592,481,0,613,1152,151,605,50,185,1199,188,91,0,59,0,0,0,0.19,13.61,NaN,9.23,88.83,0.480144689,0.913638549
2,0.276592,481,0,613,1152,151,605,50,185,1199,188,91,0,59,0,0,0,0.19,13.61,NaN,9.23,88.83,0.480144689,0.913638549
2,0.276592,481,0,613,1152,151,605,50,185,1199,188,91,0,59,0,0,0,0.19,13.61,NaN,9.23,88.83,0.480144689,0.913638549
1,0.162056,426,0,610,1275,135,461,45,184,1211,187,95,0,13,0,0,0,0.048,13.16,NaN,8.95,85.27,0.400228771,0.819803948
1,0.162056,426,0,610,1275,135,461,45,184,1211,187,95,0,13,0,0,0,0.048,13.16,NaN,8.95,85.27,0.400228771,0.819803948
1,0.162056,426,0,610,1275,135,461,45,184,1211,187,95,0,13,0,0,0,0.048,13.16,NaN,8.95,85.27,0.400228771,0.819803948
2,0.322388,496,0,0,1015,197,0,57,187,1039,170,100,0,0,0,0,0,0,14.2,NaN,8.97,87.47,0.458888634,0.933332815
2,0.322388,496,0,0,1015,197,0,57,187,1039,170,100,0,0,0,0,0,0,14.2,NaN,8.97,87.47,0.458888634,0.933332815
2,0.322388,496,0,0,1015,197,0,57,187,1039,170,100,0,0,0,0,0,0,14.2,NaN,8.97,87.47,0.458888634,0.933332815
3,0.558143,460,0,640,1059,125,449,55,190,1003,158,88,0,8,0,0,0,0.143,13.61,NaN,9.25,88.98,0.651089917,1.108608169
3,0.558143,460,0,640,1059,125,449,55,190,1003,158,88,0,8,0,0,0,0.143,13.61,NaN,9.25,88.98,0.651089917,1.108608169
3,0.558143,460,0,640,1059,125,449,55,190,1003,158,88,0,8,0,0,0,0.143,13.61,NaN,9.25,88.98,0.651089917,1.108608169
3,0.558143,460,0,640,1059,125,449,55,190,1003,158,88,0,8,0,0,0,0.143,12.59,NaN,9.48,89.11,0.651089917,1.108608169
3,0.558143,460,0,640,1059,125,449,55,190,1003,158,88,0,8,0,0,0,0.143,12.59,NaN,9.48,89.11,0.651089917,1.108608169
3,0.558143,460,0,640,1059,125,449,55,190,1003,158,88,0,8,0,0,0,0.143,12.59,NaN,9.48,89.11,0.651089917,1.108608169
4,1.163,269,49,598,956,154,71,60,200,679,103,70,1,81,1,0,0,3.175,19.15,NaN,9.42,101.88,0.829408525,1.371001182
4,1.163,269,49,598,956,154,71,60,200,679,103,70,1,81,1,0,0,3.175,19.15,NaN,9.42,101.88,0.829408525,1.371001182
4,1.163,269,49,598,956,154,71,60,200,679,103,70,1,81,1,0,0,3.175,19.15,NaN,9.42,101.88,0.829408525,1.371001182
2,0.162217,24,0,1021,263,73,62,111,220,209,27,53,45,9,34,0,0,17.348,22.45,NaN,7.99,92.23,0.251462131,0.928787547
2,0.162217,24,0,1021,263,73,62,111,220,209,27,53,45,9,34,0,0,17.348,22.45,NaN,7.99,92.23,0.251462131,0.928787547
2,0.162217,24,0,1021,263,73,62,111,220,209,27,53,45,9,34,0,0,17.348,22.45,NaN,7.99,92.23,0.251462131,0.928787547
1,0.0901205,39,0,605,296,29,65,109,217,204,26,0,60,36,39,0,0,11.219,22.19,NaN,10.54,121,0.16147026,0.616522811
1,0.0901205,39,0,605,296,29,65,109,217,204,26,0,60,36,39,0,0,11.219,22.19,NaN,10.54,121,0.16147026,0.616522811
1,0.0901205,39,0,605,296,29,65,109,217,204,26,0,60,36,39,0,0,11.219,22.19,NaN,10.54,121,0.16147026,0.616522811
6,1.98533,79,486,632,341,47,26,101,231,203,28,28,36,64,32,0,0,19.92,19.08,NaN,9.8,105.77,0.889364379,1.600530028
6,1.98533,79,486,632,341,47,26,101,231,203,28,28,36,64,32,0,0,19.92,19.08,NaN,9.8,105.77,0.889364379,1.600530028
6,1.98533,79,486,632,341,47,26,101,231,203,28,28,36,64,32,0,0,19.92,19.08,NaN,9.8,105.77,0.889364379,1.600530028
5,1.36914,139,268,733,563,71,56,83,218,324,47,27,25,64,27,0,0,61.592,16.28,NaN,9.48,96.65,0.790033893,1.432943055
5,1.36914,139,268,733,563,71,56,83,218,324,47,27,25,64,27,0,0,61.592,16.28,NaN,9.48,96.65,0.790033893,1.432943055
5,1.36914,139,268,733,563,71,56,83,218,324,47,27,25,64,27,0,0,61.592,16.28,NaN,9.48,96.65,0.790033893,1.432943055
5,1.36914,139,268,733,563,71,56,83,218,324,47,27,25,64,27,0,0,61.592,17.45,NaN,9.98,104.25,0.790033893,1.432943055
5,1.36914,139,268,733,563,71,56,83,218,324,47,27,25,64,27,0,0,61.592,17.45,NaN,9.98,104.25,0.790033893,1.432943055
5,1.36914,139,268,733,563,71,56,83,218,324,47,27,25,64,27,0,0,61.592,17.45,NaN,9.98,104.25,0.790033893,1.432943055
3,0.841697,662,0,265,904,86,0,60,187,1156,180,100,0,0,0,0,0,0,13.46,NaN,8.5,81.53,0.701577793,1.243494059
3,0.841697,662,0,265,904,86,0,60,187,1156,180,100,0,0,0,0,0,0,13.46,NaN,8.5,81.53,0.701577793,1.243494059
3,0.841697,662,0,265,904,86,0,60,187,1156,180,100,0,0,0,0,0,0,13.46,NaN,8.5,81.53,0.701577793,1.243494059
2,0.333333,649,0,474,1015,125,310,54,186,1245,193,100,0,0,0,0,0,0,12.24,NaN,9.45,88.18,0.523602484,0.952173913
2,0.333333,649,0,474,1015,125,310,54,186,1245,193,100,0,0,0,0,0,0,12.24,NaN,9.45,88.18,0.523602484,0.952173913
2,0.333333,649,0,474,1015,125,310,54,186,1245,193,100,0,0,0,0,0,0,12.24,NaN,9.45,88.18,0.523602484,0.952173913
4,0.877464,628,115,744,984,124,97,57,187,1177,183,89,0,0,0,0,0,0.003,18.79,NaN,8.56,91.92,0.816572665,1.224007662
4,0.877464,628,115,744,984,124,97,57,187,1177,183,89,0,0,0,0,0,0.003,18.79,NaN,8.56,91.92,0.816572665,1.224007662
4,0.877464,628,115,744,984,124,97,57,187,1177,183,89,0,0,0,0,0,0.003,18.79,NaN,8.56,91.92,0.816572665,1.224007662
4,0.980312,950,0,414,870,145,40,60,187,1390,215,84,0,0,0,0,0,0.139,14.94,NaN,9.05,89.67,0.860062532,1.277707299
4,0.980312,950,0,414,870,145,40,60,187,1390,215,84,0,0,0,0,0,0.139,14.94,NaN,9.05,89.67,0.860062532,1.277707299
4,0.980312,950,0,414,870,145,40,60,187,1390,215,84,0,0,0,0,0,0.139,14.94,NaN,9.05,89.67,0.860062532,1.277707299
2,0.264653,1190,0,487,1297,211,1522,36,179,1871,283,100,0,0,0,0,0,0.002,14.6,NaN,9.12,89.7,0.611084482,0.866649553
2,0.264653,1190,0,487,1297,211,1522,36,179,1871,283,100,0,0,0,0,0,0.002,14.6,NaN,9.12,89.7,0.611084482,0.866649553
2,0.264653,1190,0,487,1297,211,1522,36,179,1871,283,100,0,0,0,0,0,0.002,14.6,NaN,9.12,89.7,0.611084482,0.866649553
1,0.20639,161,0,679,871,79,224,64,213,464,68,49,4,51,5,0,0,0.235,13.77,NaN,6.05,58.37,0.558460282,1.264569473
1,0.20639,161,0,679,871,79,224,64,213,464,68,49,4,51,5,0,0,0.235,13.77,NaN,6.05,58.37,0.558460282,1.264569473
1,0.20639,161,0,679,871,79,224,64,213,464,68,49,4,51,5,0,0,0.235,13.77,NaN,6.05,58.37,0.558460282,1.264569473
3,0.333955,194,0,562,927,104,111,61,207,567,85,35,2,93,0,0,0,0.485,17.71,NaN,8.78,92.2,0.509686312,1.042345112
3,0.333955,194,0,562,927,104,111,61,207,567,85,35,2,93,0,0,0,0.485,17.71,NaN,8.78,92.2,0.509686312,1.042345112
3,0.333955,194,0,562,927,104,111,61,207,567,85,35,2,93,0,0,0,0.485,17.71,NaN,8.78,92.2,0.509686312,1.042345112
4,0.838932,48,0,9,204,1,7,114,227,184,24,0,75,26,24,0,0,8.243,18.24,NaN,6.36,67.47,0.44394443,1.342756844
4,0.838932,48,0,9,204,1,7,114,227,184,24,0,75,26,24,0,0,8.243,18.24,NaN,6.36,67.47,0.44394443,1.342756844
4,0.838932,48,0,9,204,1,7,114,227,184,24,0,75,26,24,0,0,8.243,18.24,NaN,6.36,67.47,0.44394443,1.342756844
4,1.03188,54,0,229,238,26,9,112,229,187,25,39,47,50,22,0,0,5.125,20.46,NaN,12.46,138.28,0.498518042,1.395031317
4,1.03188,54,0,229,238,26,9,112,229,187,25,39,47,50,22,0,0,5.125,20.46,NaN,12.46,138.28,0.498518042,1.395031317
4,1.03188,54,0,229,238,26,9,112,229,187,25,39,47,50,22,0,0,5.125,20.46,NaN,12.46,138.28,0.498518042,1.395031317
3,0.630185,61,0,416,346,50,51,104,226,224,33,5,10,87,0,0,0,0,23.53,NaN,8.96,105.54,0.401263914,1.236446058
3,0.630185,61,0,416,346,50,51,104,226,224,33,5,10,87,0,0,0,0,23.53,NaN,8.96,105.54,0.401263914,1.236446058
3,0.630185,61,0,416,346,50,51,104,226,224,33,5,10,87,0,0,0,0,23.53,NaN,8.96,105.54,0.401263914,1.236446058
1,0.165972,281,0,624,866,119,371,69,199,629,103,94,0,60,0,0,0,0.106,15.5,NaN,8.03,80.53,0.354363944,0.867439153
1,0.165972,281,0,624,866,119,371,69,199,629,103,94,0,60,0,0,0,0.106,15.5,NaN,8.03,80.53,0.354363944,0.867439153
1,0.165972,281,0,624,866,119,371,69,199,629,103,94,0,60,0,0,0,0.106,15.5,NaN,8.03,80.53,0.354363944,0.867439153
3,0.643082,175,0,622,492,69,111,90,213,367,59,38,12,78,3,0,0,4.873,18.19,NaN,8.75,92.78,0.496673128,1.274165662
3,0.643082,175,0,622,492,69,111,90,213,367,59,38,12,78,3,0,0,4.873,18.19,NaN,8.75,92.78,0.496673128,1.274165662
3,0.643082,175,0,622,492,69,111,90,213,367,59,38,12,78,3,0,0,4.873,18.19,NaN,8.75,92.78,0.496673128,1.274165662
3,0.686616,123,0,184,288,10,52,103,225,268,42,2,44,44,26,0,0,6.705,19.71,NaN,10.52,115.01,0.478438106,1.262577181
3,0.686616,123,0,184,288,10,52,103,225,268,42,2,44,44,26,0,0,6.705,19.71,NaN,10.52,115.01,0.478438106,1.262577181
3,0.686616,123,0,184,288,10,52,103,225,268,42,2,44,44,26,0,0,6.705,19.71,NaN,10.52,115.01,0.478438106,1.262577181
4,0.875695,451,806,740,959,155,100,62,191,846,142,100,0,60,0,0,0,0.493,9.51,NaN,9.85,86.3,0.760122442,1.21532584
4,0.875695,451,806,740,959,155,100,62,191,846,142,100,0,60,0,0,0,0.493,9.51,NaN,9.85,86.3,0.760122442,1.21532584
4,0.875695,451,806,740,959,155,100,62,191,846,142,100,0,60,0,0,0,0.493,9.51,NaN,9.85,86.3,0.760122442,1.21532584
2,0.409759,687,0,918,1125,159,128,53,179,1446,227,100,0,0,0,0,0,0.162,5.82,NaN,10.71,85.64,0.609907512,1.022902027
2,0.409759,687,0,918,1125,159,128,53,179,1446,227,100,0,0,0,0,0,0.162,5.82,NaN,10.71,85.64,0.609907512,1.022902027
2,0.409759,687,0,918,1125,159,128,53,179,1446,227,100,0,0,0,0,0,0.162,5.82,NaN,10.71,85.64,0.609907512,1.022902027
3,0.694932,625,0,351,939,79,28,60,183,1183,195,100,0,0,0,0,0,0.081,12.1,NaN,10.11,94.02,0.684497779,1.141717843
3,0.694932,625,0,351,939,79,28,60,183,1183,195,100,0,0,0,0,0,0.081,12.1,NaN,10.11,94.02,0.684497779,1.141717843
3,0.694932,625,0,351,939,79,28,60,183,1183,195,100,0,0,0,0,0,0.081,12.1,NaN,10.11,94.02,0.684497779,1.141717843
4,0.871958,1036,0,329,1013,154,94,51,184,1570,241,90,0,0,0,0,0,0.021,15.09,NaN,9.35,92.88,0.848955815,1.217935021
4,0.871958,1036,0,329,1013,154,94,51,184,1570,241,90,0,0,0,0,0,0.021,15.09,NaN,9.35,92.88,0.848955815,1.217935021
4,0.871958,1036,0,329,1013,154,94,51,184,1570,241,90,0,0,0,0,0,0.021,15.09,NaN,9.35,92.88,0.848955815,1.217935021
4,0.871958,1036,0,329,1013,154,94,51,184,1570,241,90,0,0,0,0,0,0.021,19.35,NaN,8.33,90.49,0.848955815,1.217935021
4,0.871958,1036,0,329,1013,154,94,51,184,1570,241,90,0,0,0,0,0,0.021,19.35,NaN,8.33,90.49,0.848955815,1.217935021
4,0.871958,1036,0,329,1013,154,94,51,184,1570,241,90,0,0,0,0,0,0.021,19.35,NaN,8.33,90.49,0.848955815,1.217935021
3,0.464302,233,0,267,731,44,112,71,210,430,64,52,1,89,0,0,0,0.922,16.69,NaN,8.23,84.59,0.530735422,1.056062534
3,0.464302,233,0,267,731,44,112,71,210,430,64,52,1,89,0,0,0,0.922,16.69,NaN,8.23,84.59,0.530735422,1.056062534
3,0.464302,233,0,267,731,44,112,71,210,430,64,52,1,89,0,0,0,0.922,16.69,NaN,8.23,84.59,0.530735422,1.056062534
1,0.170736,112,0,1043,1273,131,473,52,193,809,120,60,0,39,0,0,0,0.023,14.2,NaN,9.33,90.88,0.396640128,1.121747861
1,0.170736,112,0,1043,1273,131,473,52,193,809,120,60,0,39,0,0,0,0.023,14.2,NaN,9.33,90.88,0.396640128,1.121747861
1,0.170736,112,0,1043,1273,131,473,52,193,809,120,60,0,39,0,0,0,0.023,14.2,NaN,9.33,90.88,0.396640128,1.121747861
1,0.0979786,84,0,1231,953,107,248,70,202,523,80,88,1,34,0,0,0,0,15.2,NaN,5.21,51.85,0.119417541,0.358252623
1,0.0979786,84,0,1231,953,107,248,70,202,523,80,88,1,34,0,0,0,0,15.2,NaN,5.21,51.85,0.119417541,0.358252623
1,0.0979786,84,0,1231,953,107,248,70,202,523,80,88,1,34,0,0,0,0,15.2,NaN,5.21,51.85,0.119417541,0.358252623
2,0.299733,71,0,1223,812,135,168,77,205,442,68,79,1,37,0,0,0,0,18.3,NaN,8.88,94.38,0.342164703,1.017692446
2,0.299733,71,0,1223,812,135,168,77,205,442,68,79,1,37,0,0,0,0,18.3,NaN,8.88,94.38,0.342164703,1.017692446
2,0.299733,71,0,1223,812,135,168,77,205,442,68,79,1,37,0,0,0,0,18.3,NaN,8.88,94.38,0.342164703,1.017692446
4,0.805897,323,778,759,1026,183,100,57,194,815,127,83,0,75,0,0,0,0.314,11.9,NaN,10.21,94.49,0.781925004,1.210471747
4,0.805897,323,778,759,1026,183,100,57,194,815,127,83,0,75,0,0,0,0.314,11.9,NaN,10.21,94.49,0.781925004,1.210471747
4,0.805897,323,778,759,1026,183,100,57,194,815,127,83,0,75,0,0,0,0.314,11.9,NaN,10.21,94.49,0.781925004,1.210471747
4,0.893509,218,741,730,675,130,94,75,209,407,60,32,16,86,19,0,0,1.952,13.86,NaN,10.01,96.8,0.786674195,1.238019951
4,0.893509,218,741,730,675,130,94,75,209,407,60,32,16,86,19,0,0,1.952,13.86,NaN,10.01,96.8,0.786674195,1.238019951
4,0.893509,218,741,730,675,130,94,75,209,407,60,32,16,86,19,0,0,1.952,13.86,NaN,10.01,96.8,0.786674195,1.238019951
4,0.893509,218,741,730,675,130,94,75,209,407,60,32,16,86,19,0,0,1.952,15.94,NaN,9.93,100.42,0.786674195,1.238019951
4,0.893509,218,741,730,675,130,94,75,209,407,60,32,16,86,19,0,0,1.952,15.94,NaN,9.93,100.42,0.786674195,1.238019951
4,0.893509,218,741,730,675,130,94,75,209,407,60,32,16,86,19,0,0,1.952,15.94,NaN,9.93,100.42,0.786674195,1.238019951
3,0.569565,711,220,581,1292,180,99,42,176,1677,252,100,0,3,0,0,0,0.02,16.25,NaN,8.38,85.33,0.728961345,1.114803523
3,0.569565,711,220,581,1292,180,99,42,176,1677,252,100,0,3,0,0,0,0.02,16.25,NaN,8.38,85.33,0.728961345,1.114803523
3,0.569565,711,220,581,1292,180,99,42,176,1677,252,100,0,3,0,0,0,0.02,16.25,NaN,8.38,85.33,0.728961345,1.114803523
3,0.675531,668,205,600,1120,155,114,50,181,1422,218,100,0,0,0,0,0,0.016,17.03,NaN,8.87,91.89,0.760460315,1.126931562
3,0.675531,668,205,600,1120,155,114,50,181,1422,218,100,0,0,0,0,0,0.016,17.03,NaN,8.87,91.89,0.760460315,1.126931562
3,0.675531,668,205,600,1120,155,114,50,181,1422,218,100,0,0,0,0,0,0.016,17.03,NaN,8.87,91.89,0.760460315,1.126931562
3,0.675531,668,205,600,1120,155,114,50,181,1422,218,100,0,0,0,0,0,0.016,14.91,NaN,9.46,93.66,0.760460315,1.126931562
3,0.675531,668,205,600,1120,155,114,50,181,1422,218,100,0,0,0,0,0,0.016,14.91,NaN,9.46,93.66,0.760460315,1.126931562
3,0.675531,668,205,600,1120,155,114,50,181,1422,218,100,0,0,0,0,0,0.016,14.91,NaN,9.46,93.66,0.760460315,1.126931562
5,1.29027,446,793,449,710,60,25,70,210,655,103,72,3,1,11,0,0,15.66,17.61,NaN,8.71,91.29,0.847124767,1.497616758
5,1.29027,446,793,449,710,60,25,70,210,655,103,72,3,1,11,0,0,15.66,17.61,NaN,8.71,91.29,0.847124767,1.497616758
5,1.29027,446,793,449,710,60,25,70,210,655,103,72,3,1,11,0,0,15.66,17.61,NaN,8.71,91.29,0.847124767,1.497616758
1,0.145937,495,0,576,817,93,113,64,203,828,129,67,2,1,5,0,0,12.596,13.78,NaN,9.39,90.71,0.280593494,0.492964256
1,0.145937,495,0,576,817,93,113,64,203,828,129,67,2,1,5,0,0,12.596,13.78,NaN,9.39,90.71,0.280593494,0.492964256
1,0.145937,495,0,576,817,93,113,64,203,828,129,67,2,1,5,0,0,12.596,13.78,NaN,9.39,90.71,0.280593494,0.492964256
2,0.615987,250,0,347,593,34,132,77,220,407,61,20,17,8,12,0,0,8.839,21.68,NaN,8.56,97.34,0.603525677,1.139666528
2,0.615987,250,0,347,593,34,132,77,220,407,61,20,17,8,12,0,0,8.839,21.68,NaN,8.56,97.34,0.603525677,1.139666528
2,0.615987,250,0,347,593,34,132,77,220,407,61,20,17,8,12,0,0,8.839,21.68,NaN,8.56,97.34,0.603525677,1.139666528
1,0.175158,557,0,168,128,20,96,124,247,1119,31,0,0,0,0,0,0,1529.11,25.7,7.5,8.101208791,88.44313725,0.39785227,0.580528101
2,0.33367,260,0,494,2007,112,273,79,155,877,158,99,0,5,0,0,0,0.147,11.2,6.5,8.101208791,88.44313725,0.455699356,1.110309282
1,0.129239,344,0,458,2186,118,2539,69,153,832,149,100,1,1,0,0,0,0,12.6,6.5,4.62,41.1,0.086205637,0.19651963
5,1.25247,112,48,150,1525,10,12,73,301,212,38,0,8,71,13,0,0,28.397,25.6,8,8.101208791,88.44313725,0.535432638,1.336793456
6,3.48063,342,130,55,26,6,5,191,174,1258,104,69,6,0,1,0,0,63.86,30,6.7,8.101208791,88.44313725,0.95377283,1.73096111
4,1.05507,436,0,140,215,25,17,162,207,1259,53,31,8,3,1,0,0,820.398,24,6.7,8.101208791,88.44313725,0.729215214,1.274451058
1,0.186982,690,0,548,279,54,176,72,269,1178,24,83,4,1,0,0,0,14.043,18.2,6.5,9.63,105.1,0.497165656,0.766984203
1,0.149345,380,0,118,174,15,151,117,247,972,35,22,43,19,0,0,0,59.988,18.8,7.5,9.6,100.9,0.171936835,0.365966112
5,2.73729,496,37,48,52,9,10,193,173,1336,92,10,27,4,23,0,0,1.525,28.2,7,6.87,88.3,0.898559365,1.696287562
1,0.127298,173,0,326,379,30,60,121,291,866,117,0,33,14,2,0,0,1.287,18.5,7.5,4.37,48.7,0.31106101,0.518435017
1,0.131399,186,0,182,421,16,63,120,288,880,115,0,28,53,0,0,0,0.863,20.7,7.5,7.3,85.4,0.310332459,0.489680438
1,0.190027,818,0,463,936,163,663,109,205,1527,61,100,0,0,0,0,0,21.214,18.3,6.5,9.8,103.2,0.512370266,0.741520787
1,0.15438,757,0,299,294,49,46,138,226,1360,65,95,8,4,0,0,0,1.882,18.3,8,11.46,121.9,0.217888058,0.339243432
6,4.56186,589,91,18,24,14,5,181,191,1497,93,100,3,1,0,0,0,1.041,30.5,7.5,6.61,93.4,1.156481859,1.951213955
5,3.18825,546,230,21,32,7,6,175,202,1384,80,70,19,20,0,0,0,3.87,33.4,7.5,6.55,90.5,0.974586473,1.758905569
3,0.169118,14,0,383,1221,16,34,101,262,428,70,0,15,60,6,0,0,0.121,24.7,7.5,3.83,52.7,0.032071738,0.872351275
2,0.198648,132,0,101,274,14,35,178,233,837,86,0,39,53,1,0,0,2.443,26,7,5.04,62.2,0.609165797,0.765880649
1,0.138413,108,0,823,3409,157,402,-16,205,762,36,100,0,20,0,1,16,0.117,9.5,6,8.25,98.9,0.231244276,0.714136733
1,0.181828,168,0,603,3323,179,260,-11,214,708,31,100,0,13,0,0,13,0.028,7.1,6.5,9.57,109.6,0.329569004,0.985055278
2,0.263146,26,0,627,789,91,40,188,210,450,50,22,3,52,0,0,0,0.161,23.8,7.5,8.101208791,88.44313725,0.284423721,0.961678566
1,0.196017,220,0,541,1815,143,424,74,246,618,43,60,12,8,1,0,0,754.728,12,7.5,9.72,90,0.3498045,0.984367208
1,0.196746,1486,0,590,570,159,336,85,162,2437,404,100,0,0,0,0,0,6.006,14.7,6,9.1,89.1,0.567213502,0.920261723
1,0.207804,1348,0,561,1053,151,710,68,166,1892,298,100,0,0,0,0,0,0.001,12.4,6,9.56,96.6,0.671894277,0.995356893
2,0.0981287,29,0,1262,1526,35,83,94,231,174,11,5,0,76,0,0,0,0,13.1,7,9.35,87.5,0.217482997,0.902883956
2,0.265042,253,0,475,1369,128,503,116,174,833,155,100,0,5,0,0,0,0.03,16.6,7,9.46,97.3,0.448790542,1.17560353
1,0.0680952,34,0,676,2852,109,67,38,193,667,66,90,1,14,0,0,0,0,13.8,7,8.101208791,94,0.148951382,0.320245472
1,0.0669014,16,0,792,2177,176,1918,115,168,691,109,100,0,16,0,0,0,0.673,18.4,6.5,5.88,63.1,0.153683604,0.432235136
7,7.80822,23,627,385,146,28,3,118,229,189,24,30,43,12,6,0,0,3.373,11,7,8.101208791,88.44313725,1.033433765,2.420443645
1,0.169029,590,0,178,133,24,74,113,249,1137,40,81,47,20,0,0,0,34.917,19.4,6.5,8.97,98.6,0.24631305,0.491851531
1,0.169029,590,0,178,133,24,74,113,249,1137,40,81,47,20,0,0,0,34.917,19.5,6.5,8.62,95.1,0.24631305,0.491851531
2,0.343469,752,0,251,278,49,33,138,226,1359,64,100,8,2,0,0,0,106.758,22.8,7.5,6.13,71,0.614838093,0.962426561
5,1.56466,131,495,452,915,47,14,83,184,252,22,37,10,49,27,0,0,523.931,20,6.5,8.101208791,88.44313725,0.305808438,1.64749418
3,0.508092,432,0,2,4,0,1,237,92,1313,195,0,0,0,0,0,0,0,29.1,7.5,3.9,49.1,0.577993171,0.95730119
1,0.134025,115,0,109,856,81,126,-118,394,225,36,0,0,0,0,0,99,0.005,9.6,6.5,12.44,108.2,0.721344425,0.571715705
1,0.119861,236,0,310,493,111,281,-49,396,303,45,90,0,0,0,0,50,1.156,4.5,6.5,12.9,101,0.365179942,0.514571736
2,0.600553,681,0,594,509,116,108,65,259,1088,47,100,4,4,0,0,0,11.976,20.3,6.5,8.101208791,88.44313725,0.356950299,1.117827408
1,0.141786,887,0,620,260,51,0,82,262,1243,24,100,1,1,0,0,0,86.677,22.78,6.5,8.101208791,88.44313725,0.109920308,0.153388793
2,0.705442,187,0,49,743,46,16,87,203,526,50,0,81,1,1,0,0,2168.388,20.1,7.5,8.101208791,88.44313725,0.493269045,1.186962392
1,0.152503,361,0,371,934,108,196,65,232,630,62,94,0,1,0,0,0,0.687,11,6.5,8.101208791,88.44313725,0.289026428,0.584099435
6,0.162217,24,0,1021,263,73,62,111,220,209,27,53,45,9,34,0,0,17.348,25.6,8,13.31,161.9,0.251462131,0.928787547
6,1.89367,193,3746,157,165,13,11,201,196,813,73,51,11,10,0,0,0,1911.477,24,7.5,8.101208791,88.44313725,1.073446573,1.198186043
2,0.485342,495,0,354,289,64,13,98,252,975,40,85,26,2,0,0,0,11.971,23.5,7.7,8.101208791,80.7,0.412007962,1.165263045
2,0.441918,1363,0,679,736,178,212,84,165,1892,295,100,0,2,0,0,0,0.237,14.7,6,8.101208791,88.44313725,0.765446072,1.113664844
1,0.168109,863,0,435,179,85,43,111,79,1162,208,100,0,2,0,0,0,9.99,16,6.5,8.101208791,88.44313725,0.165495151,0.441320402
2,0.260894,92,0,559,2529,98,267,38,208,487,33,100,0,7,0,0,0,20.428,11.5,7,8.101208791,88.44313725,0.337929432,1.004105504
1,0.151134,796,0,128,49,20,0,92,257,1114,28,40,0,0,0,0,0,671.113,18.5,6,8.19,87.4,0.092655859,0.139760234
7,7.80822,23,627,385,146,28,3,118,229,189,24,30,43,12,6,0,0,3.373,11,6.5,8.101208791,88.44313725,1.033433765,2.420443645
7,7.79044,49,627,166,130,12,3,117,239,178,23,25,2,28,0,0,0,0.003,14,6.5,8.101208791,88.44313725,1.033334608,2.418950174
4,0.715861,74,362,773,1766,130,83,79,231,375,53,100,11,28,1,0,0,3.873,18,6.5,8.101208791,88.44313725,0.360122957,1.242202869
6,2.01581,14,1554,258,1527,10,6,132,237,221,31,35,13,49,19,0,0,60.092,22.7,8.11,6.66,76.9,0.696520477,1.616277327
3,0.516599,483,0,123,31,20,36,129,244,1057,35,0,0,0,0,0,0,2600.23,27,6.5,8.101208791,88.44313725,0.661072919,0.875916383
1,0.171086,503,0,96,31,16,35,131,239,1072,40,100,13,1,0,0,0,57.396,31.4,7,8.101208791,88.44313725,0.506736815,0.633699446
4,1.03364,338,0,2,217,3,5,106,284,932,64,0,92,1,1,0,0,10.092,25.4,7.5,8.101208791,88.44313725,0.410123713,1.341317502
1,0.252647,787,0,405,582,111,361,44,275,1206,38,100,0,1,0,0,0,2.816,17.2,6,8.101208791,88.44313725,0.547010295,1.01414175
3,0.826142,157,0,718,1196,153,62,78,240,511,66,42,1,27,0,0,0,24.197,18.7020339,7,8.101208791,88.44313725,0.523760673,1.282906694
1,0.196017,220,0,541,1815,143,424,74,246,618,43,60,12,8,1,0,0,754.728,11.5,8,8.101208791,88.44313725,0.3498045,0.984367208
1,0.120973,106,0,829,1868,104,653,45,219,448,40,99,2,94,0,0,0,0.002,17.1,7.25,8.101208791,88.44313725,0.063445533,0.35089264
1,0.218843,465,0,255,635,33,49,111,220,989,31,59,26,21,0,0,0,861.629,20.8,7,9.95,118.6,0.433435038,0.950339005
1,0.120339,457,0,15,9,6,0,147,220,1058,36,40,100,0,10,0,0,25.496,22.9,6.5,5.8,65,0.064922849,0.08336684
2,0.21507,81,0,794,2441,130,335,20,233,518,21,100,8,16,0,0,0,0,10.34,8.31,8.101208791,102.1,0.203025738,0.958992543
5,2.62123,429,43,301,195,40,11,117,259,1054,48,85,14,3,1,0,0,73.109,27.3,7.5,8.101208791,88.44313725,0.606730378,1.662459974
2,0.329494,207,0,489,3083,157,123,-2,239,571,26,97,1,23,1,0,7,2.72,14.2,7.24,7.6,71.5,0.332948752,1.291074658
1,0.175158,557,0,168,128,20,96,124,247,1119,31,0,0,0,0,0,0,1529.11,25.7,7.5,8.101208791,88.44313725,0.39785227,0.580528101
1,0.129239,344,0,458,2186,118,2539,69,153,832,149,100,1,1,0,0,0,0,12.6,6.5,4.62,41.1,0.086205637,0.19651963
5,1.25247,112,48,150,1525,10,12,73,301,212,38,0,8,71,13,0,0,28.397,25.6,8,8.101208791,88.44313725,0.535432638,1.336793456
6,3.48063,342,130,55,26,6,5,191,174,1258,104,69,6,0,1,0,0,63.86,30,6.7,8.101208791,88.44313725,0.95377283,1.73096111
1,0.186982,690,0,548,279,54,176,72,269,1178,24,83,4,1,0,0,0,14.043,18.2,6.5,9.63,105.1,0.497165656,0.766984203
1,0.131399,186,0,182,421,16,63,120,288,880,115,0,28,53,0,0,0,0.863,20.7,7.5,7.3,85.4,0.310332459,0.489680438
1,0.190027,818,0,463,936,163,663,109,205,1527,61,100,0,0,0,0,0,21.214,18.3,6.5,9.8,103.2,0.512370266,0.741520787
1,0.15438,757,0,299,294,49,46,138,226,1360,65,95,8,4,0,0,0,1.882,18.3,8,11.46,121.9,0.217888058,0.339243432
5,3.18825,546,230,21,32,7,6,175,202,1384,80,70,19,20,0,0,0,3.87,33.4,7.5,6.55,90.5,0.974586473,1.758905569
1,0.179513,559,0,158,124,43,40,171,204,1428,75,100,0,0,0,0,0,0.033,22.3,7,7.45,84.9,0.457966108,0.913756606
3,0.169118,14,0,383,1221,16,34,101,262,428,70,0,15,60,6,0,0,0.121,24.7,7.5,3.83,52.7,0.032071738,0.872351275
2,0.198648,132,0,101,274,14,35,178,233,837,86,0,39,53,1,0,0,2.443,26,7,5.04,62.2,0.609165797,0.765880649
1,0.138413,108,0,823,3409,157,402,-16,205,762,36,100,0,20,0,1,16,0.117,9.5,6,8.25,98.9,0.231244276,0.714136733
1,0.181828,168,0,603,3323,179,260,-11,214,708,31,100,0,13,0,0,13,0.028,7.1,6.5,9.57,109.6,0.329569004,0.985055278
2,0.263146,26,0,627,789,91,40,188,210,450,50,22,3,52,0,0,0,0.161,23.8,7.5,8.101208791,88.44313725,0.284423721,0.961678566
1,0.196017,220,0,541,1815,143,424,74,246,618,43,60,12,8,1,0,0,754.728,12,7.5,9.72,90,0.3498045,0.984367208
1,0.207804,1348,0,561,1053,151,710,68,166,1892,298,100,0,0,0,0,0,0.001,12.4,6,9.56,96.6,0.671894277,0.995356893
2,0.0981287,29,0,1262,1526,35,83,94,231,174,11,5,0,76,0,0,0,0,13.1,7,9.35,87.5,0.217482997,0.902883956
2,0.265042,253,0,475,1369,128,503,116,174,833,155,100,0,5,0,0,0,0.03,16.6,7,9.46,97.3,0.448790542,1.17560353
1,0.0680952,34,0,676,2852,109,67,38,193,667,66,90,1,14,0,0,0,0,13.8,7,8.101208791,94,0.148951382,0.320245472
1,0.0669014,16,0,792,2177,176,1918,115,168,691,109,100,0,16,0,0,0,0.673,18.4,6.5,5.88,63.1,0.153683604,0.432235136
7,7.80822,23,627,385,146,28,3,118,229,189,24,30,43,12,6,0,0,3.373,11,7,8.101208791,88.44313725,1.033433765,2.420443645
1,0.169029,590,0,178,133,24,74,113,249,1137,40,81,47,20,0,0,0,34.917,19.4,6.5,8.97,98.6,0.24631305,0.491851531
1,0.169029,590,0,178,133,24,74,113,249,1137,40,81,47,20,0,0,0,34.917,19.5,6.5,8.62,95.1,0.24631305,0.491851531
2,0.343469,752,0,251,278,49,33,138,226,1359,64,100,8,2,0,0,0,106.758,22.8,7.5,6.13,71,0.614838093,0.962426561
1,0.127298,173,0,326,379,30,60,121,291,866,117,0,33,14,2,0,0,1.287,21.7,7.5,8.62,98.2,0.31106101,0.518435017
5,1.56466,131,495,452,915,47,14,83,184,252,22,37,10,49,27,0,0,523.931,20,6.5,8.101208791,88.44313725,0.305808438,1.64749418
3,0.508092,432,0,2,4,0,1,237,92,1313,195,0,0,0,0,0,0,0,29.1,7.5,3.9,49.1,0.577993171,0.95730119
1,0.138754,301,0,63,276,14,4,77,307,801,74,0,45,3,1,0,0,31.533,15.7,7.5,8.101208791,88.44313725,0.211731811,0.437475285
1,0.134025,115,0,109,856,81,126,-118,394,225,36,0,0,0,0,0,99,0.005,9.6,6.5,12.44,108.2,0.721344425,0.571715705
1,0.119861,236,0,310,493,111,281,-49,396,303,45,90,0,0,0,0,50,1.156,4.5,6.5,12.9,101,0.365179942,0.514571736
2,0.600553,681,0,594,509,116,108,65,259,1088,47,100,4,4,0,0,0,11.976,20.3,6.5,8.101208791,88.44313725,0.356950299,1.117827408
1,0.141786,887,0,620,260,51,0,82,262,1243,24,100,1,1,0,0,0,86.677,22.78,6.5,8.101208791,88.44313725,0.109920308,0.153388793
1,0.152503,361,0,371,934,108,196,65,232,630,62,94,0,1,0,0,0,0.687,11,6.5,8.101208791,88.44313725,0.289026428,0.584099435
6,0.162217,24,0,1021,263,73,62,111,220,209,27,53,45,9,34,0,0,17.348,25.6,8,13.31,161.9,0.251462131,0.928787547
4,1.50254,201,231,70,2351,16,42,31,281,309,24,100,7,44,22,0,0,434.211,14.2,7.5,8.101208791,88.44313725,0.38789048,1.588400318
6,1.89367,193,3746,157,165,13,11,201,196,813,73,51,11,10,0,0,0,1911.477,24,7.5,8.101208791,88.44313725,1.073446573,1.198186043
2,0.485342,495,0,354,289,64,13,98,252,975,40,85,26,2,0,0,0,11.971,23.5,7.7,8.101208791,80.7,0.412007962,1.165263045
1,0.19709,878,0,420,204,125,132,112,82,1167,209,100,0,0,0,0,0,0.357,15,6.5,8.101208791,88.44313725,0.311190156,0.825812065
1,0.168109,863,0,435,179,85,43,111,79,1162,208,100,0,2,0,0,0,9.99,16,6.5,8.101208791,88.44313725,0.165495151,0.441320402
2,0.260894,92,0,559,2529,98,267,38,208,487,33,100,0,7,0,0,0,20.428,11.5,7,8.101208791,88.44313725,0.337929432,1.004105504
1,0.151134,796,0,128,49,20,0,92,257,1114,28,40,0,0,0,0,0,671.113,18.5,6,8.19,87.4,0.092655859,0.139760234
2,0.361289,794,0,66,24,13,22,91,259,1145,41,100,10,2,1,0,0,158.89,16.9,6.5,6.41,66.2,0.684415898,1.051141269
7,7.80822,23,627,385,146,28,3,118,229,189,24,30,43,12,6,0,0,3.373,11,6.5,8.101208791,88.44313725,1.033433765,2.420443645
7,7.79044,49,627,166,130,12,3,117,239,178,23,25,2,28,0,0,0,0.003,14,6.5,8.101208791,88.44313725,1.033334608,2.418950174
4,0.715861,74,362,773,1766,130,83,79,231,375,53,100,11,28,1,0,0,3.873,18,6.5,8.101208791,88.44313725,0.360122957,1.242202869
6,2.01581,14,1554,258,1527,10,6,132,237,221,31,35,13,49,19,0,0,60.092,22.7,8.11,6.66,76.9,0.696520477,1.616277327
1,0.171086,503,0,96,31,16,35,131,239,1072,40,100,13,1,0,0,0,57.396,31.4,7,8.101208791,88.44313725,0.506736815,0.633699446
4,1.03364,338,0,2,217,3,5,106,284,932,64,0,92,1,1,0,0,10.092,25.4,7.5,8.101208791,88.44313725,0.410123713,1.341317502
1,0.252647,787,0,405,582,111,361,44,275,1206,38,100,0,1,0,0,0,2.816,17.2,6,8.101208791,88.44313725,0.547010295,1.01414175
3,0.826142,157,0,718,1196,153,62,78,240,511,66,42,1,27,0,0,0,24.197,18.7020339,7,8.101208791,88.44313725,0.523760673,1.282906694
1,0.196017,220,0,541,1815,143,424,74,246,618,43,60,12,8,1,0,0,754.728,11.5,8,8.101208791,88.44313725,0.3498045,0.984367208
1,0.120973,106,0,829,1868,104,653,45,219,448,40,99,2,94,0,0,0,0.002,17.1,7.25,8.101208791,88.44313725,0.063445533,0.35089264
1,0.120339,457,0,15,9,6,0,147,220,1058,36,40,100,0,10,0,0,25.496,22.9,6.5,5.8,65,0.064922849,0.08336684
4,0.93274,136,0,37,1354,3,22,89,272,464,33,26,38,3,51,0,0,299.058,16.9,8.49,8.101208791,126,0.34803989,1.374016191
2,0.21507,81,0,794,2441,130,335,20,233,518,21,100,8,16,0,0,0,0,10.34,8.31,8.101208791,102.1,0.203025738,0.958992543
5,2.62123,429,43,301,195,40,11,117,259,1054,48,85,14,3,1,0,0,73.109,27.3,7.5,8.101208791,88.44313725,0.606730378,1.662459974
2,0.329494,207,0,489,3083,157,123,-2,239,571,26,97,1,23,1,0,7,2.72,14.2,7.24,7.6,71.5,0.332948752,1.291074658
2,0.33367,260,0,494,2007,112,273,79,155,877,158,99,0,5,0,0,0,0.147,11.2,6.5,8.101208791,88.44313725,0.455699356,1.110309282
1,0.129239,344,0,458,2186,118,2539,69,153,832,149,100,1,1,0,0,0,0,12.6,6.5,4.62,41.1,0.086205637,0.19651963
5,1.25247,112,48,150,1525,10,12,73,301,212,38,0,8,71,13,0,0,28.397,25.6,8,8.101208791,88.44313725,0.535432638,1.336793456
6,3.48063,342,130,55,26,6,5,191,174,1258,104,69,6,0,1,0,0,63.86,30,6.7,8.101208791,88.44313725,0.95377283,1.73096111
5,2.73729,496,37,48,52,9,10,193,173,1336,92,10,27,4,23,0,0,1.525,28.2,7,6.87,88.3,0.898559365,1.696287562
1,0.127298,173,0,326,379,30,60,121,291,866,117,0,33,14,2,0,0,1.287,18.5,7.5,4.37,48.7,0.31106101,0.518435017
1,0.131399,186,0,182,421,16,63,120,288,880,115,0,28,53,0,0,0,0.863,20.7,7.5,7.3,85.4,0.310332459,0.489680438
1,0.15438,757,0,299,294,49,46,138,226,1360,65,95,8,4,0,0,0,1.882,18.3,8,11.46,121.9,0.217888058,0.339243432
6,4.56186,589,91,18,24,14,5,181,191,1497,93,100,3,1,0,0,0,1.041,30.5,7.5,6.61,93.4,1.156481859,1.951213955
1,0.179513,559,0,158,124,43,40,171,204,1428,75,100,0,0,0,0,0,0.033,22.3,7,7.45,84.9,0.457966108,0.913756606
3,0.169118,14,0,383,1221,16,34,101,262,428,70,0,15,60,6,0,0,0.121,24.7,7.5,3.83,52.7,0.032071738,0.872351275
2,0.198648,132,0,101,274,14,35,178,233,837,86,0,39,53,1,0,0,2.443,26,7,5.04,62.2,0.609165797,0.765880649
1,0.138413,108,0,823,3409,157,402,-16,205,762,36,100,0,20,0,1,16,0.117,9.5,6,8.25,98.9,0.231244276,0.714136733
1,0.181828,168,0,603,3323,179,260,-11,214,708,31,100,0,13,0,0,13,0.028,7.1,6.5,9.57,109.6,0.329569004,0.985055278
2,0.263146,26,0,627,789,91,40,188,210,450,50,22,3,52,0,0,0,0.161,23.8,7.5,8.101208791,88.44313725,0.284423721,0.961678566
1,0.196017,220,0,541,1815,143,424,74,246,618,43,60,12,8,1,0,0,754.728,12,7.5,9.72,90,0.3498045,0.984367208
1,0.207804,1348,0,561,1053,151,710,68,166,1892,298,100,0,0,0,0,0,0.001,12.4,6,9.56,96.6,0.671894277,0.995356893
2,0.0981287,29,0,1262,1526,35,83,94,231,174,11,5,0,76,0,0,0,0,13.1,7,9.35,87.5,0.217482997,0.902883956
2,0.265042,253,0,475,1369,128,503,116,174,833,155,100,0,5,0,0,0,0.03,16.6,7,9.46,97.3,0.448790542,1.17560353
1,0.0680952,34,0,676,2852,109,67,38,193,667,66,90,1,14,0,0,0,0,13.8,7,8.101208791,94,0.148951382,0.320245472
1,0.0669014,16,0,792,2177,176,1918,115,168,691,109,100,0,16,0,0,0,0.673,18.4,6.5,5.88,63.1,0.153683604,0.432235136
7,7.80822,23,627,385,146,28,3,118,229,189,24,30,43,12,6,0,0,3.373,11,7,8.101208791,88.44313725,1.033433765,2.420443645
1,0.169029,590,0,178,133,24,74,113,249,1137,40,81,47,20,0,0,0,34.917,19.4,6.5,8.97,98.6,0.24631305,0.491851531
1,0.169029,590,0,178,133,24,74,113,249,1137,40,81,47,20,0,0,0,34.917,19.5,6.5,8.62,95.1,0.24631305,0.491851531
2,0.343469,752,0,251,278,49,33,138,226,1359,64,100,8,2,0,0,0,106.758,22.8,7.5,6.13,71,0.614838093,0.962426561
1,0.127298,173,0,326,379,30,60,121,291,866,117,0,33,14,2,0,0,1.287,21.7,7.5,8.62,98.2,0.31106101,0.518435017
5,1.56466,131,495,452,915,47,14,83,184,252,22,37,10,49,27,0,0,523.931,20,6.5,8.101208791,88.44313725,0.305808438,1.64749418
3,0.508092,432,0,2,4,0,1,237,92,1313,195,0,0,0,0,0,0,0,29.1,7.5,3.9,49.1,0.577993171,0.95730119
1,0.138754,301,0,63,276,14,4,77,307,801,74,0,45,3,1,0,0,31.533,15.7,7.5,8.101208791,88.44313725,0.211731811,0.437475285
2,0.173638,121,0,104,897,83,80,-119,396,228,38,0,0,0,0,0,99,0,8.5,6.5,10.26,97.2,0.68679634,0.588682577
1,0.134025,115,0,109,856,81,126,-118,394,225,36,0,0,0,0,0,99,0.005,9.6,6.5,12.44,108.2,0.721344425,0.571715705
1,0.119861,236,0,310,493,111,281,-49,396,303,45,90,0,0,0,0,50,1.156,4.5,6.5,12.9,101,0.365179942,0.514571736
2,0.600553,681,0,594,509,116,108,65,259,1088,47,100,4,4,0,0,0,11.976,20.3,6.5,8.101208791,88.44313725,0.356950299,1.117827408
1,0.141786,887,0,620,260,51,0,82,262,1243,24,100,1,1,0,0,0,86.677,22.78,6.5,8.101208791,88.44313725,0.109920308,0.153388793
6,0.162217,24,0,1021,263,73,62,111,220,209,27,53,45,9,34,0,0,17.348,25.6,8,13.31,161.9,0.251462131,0.928787547
4,1.50254,201,231,70,2351,16,42,31,281,309,24,100,7,44,22,0,0,434.211,14.2,7.5,8.101208791,88.44313725,0.38789048,1.588400318
6,1.89367,193,3746,157,165,13,11,201,196,813,73,51,11,10,0,0,0,1911.477,24,7.5,8.101208791,88.44313725,1.073446573,1.198186043
2,0.485342,495,0,354,289,64,13,98,252,975,40,85,26,2,0,0,0,11.971,23.5,7.7,8.101208791,80.7,0.412007962,1.165263045
6,1.99947,20,1571,25,1525,4,13,135,239,221,31,36,2,3,3,0,0,363.601,31.2,6.5,8.101208791,88.44313725,0.713252044,1.607821345
1,0.19709,878,0,420,204,125,132,112,82,1167,209,100,0,0,0,0,0,0.357,15,6.5,8.101208791,88.44313725,0.311190156,0.825812065
1,0.168109,863,0,435,179,85,43,111,79,1162,208,100,0,2,0,0,0,9.99,16,6.5,8.101208791,88.44313725,0.165495151,0.441320402
2,0.260894,92,0,559,2529,98,267,38,208,487,33,100,0,7,0,0,0,20.428,11.5,7,8.101208791,88.44313725,0.337929432,1.004105504
1,0.151134,796,0,128,49,20,0,92,257,1114,28,40,0,0,0,0,0,671.113,18.5,6,8.19,87.4,0.092655859,0.139760234
2,0.361289,794,0,66,24,13,22,91,259,1145,41,100,10,2,1,0,0,158.89,16.9,6.5,6.41,66.2,0.684415898,1.051141269
7,7.80822,23,627,385,146,28,3,118,229,189,24,30,43,12,6,0,0,3.373,11,6.5,8.101208791,88.44313725,1.033433765,2.420443645
7,7.80147,51,627,63,120,7,6,118,239,177,24,58,2,28,0,0,0,0.003,11,6.5,8.101208791,88.44313725,1.034897171,2.422630524
7,7.79044,49,627,166,130,12,3,117,239,178,23,25,2,28,0,0,0,0.003,14,6.5,8.101208791,88.44313725,1.033334608,2.418950174
4,0.715861,74,362,773,1766,130,83,79,231,375,53,100,11,28,1,0,0,3.873,18,6.5,8.101208791,88.44313725,0.360122957,1.242202869
6,2.01581,14,1554,258,1527,10,6,132,237,221,31,35,13,49,19,0,0,60.092,22.7,8.11,6.66,76.9,0.696520477,1.616277327
1,0.171086,503,0,96,31,16,35,131,239,1072,40,100,13,1,0,0,0,57.396,31.4,7,8.101208791,88.44313725,0.506736815,0.633699446
4,1.03364,338,0,2,217,3,5,106,284,932,64,0,92,1,1,0,0,10.092,25.4,7.5,8.101208791,88.44313725,0.410123713,1.341317502
1,0.252647,787,0,405,582,111,361,44,275,1206,38,100,0,1,0,0,0,2.816,17.2,6,8.101208791,88.44313725,0.547010295,1.01414175
3,0.826142,157,0,718,1196,153,62,78,240,511,66,42,1,27,0,0,0,24.197,18.7020339,7,8.101208791,88.44313725,0.523760673,1.282906694
1,0.196017,220,0,541,1815,143,424,74,246,618,43,60,12,8,1,0,0,754.728,11.5,8,8.101208791,88.44313725,0.3498045,0.984367208
1,0.120339,457,0,15,9,6,0,147,220,1058,36,40,100,0,10,0,0,25.496,22.9,6.5,5.8,65,0.064922849,0.08336684
4,0.93274,136,0,37,1354,3,22,89,272,464,33,26,38,3,51,0,0,299.058,16.9,8.49,8.101208791,126,0.34803989,1.374016191
2,0.21507,81,0,794,2441,130,335,20,233,518,21,100,8,16,0,0,0,0,10.34,8.31,8.101208791,102.1,0.203025738,0.958992543
5,2.62123,429,43,301,195,40,11,117,259,1054,48,85,14,3,1,0,0,73.109,27.3,7.5,8.101208791,88.44313725,0.606730378,1.662459974
2,0.329494,207,0,489,3083,157,123,-2,239,571,26,97,1,23,1,0,7,2.72,14.2,7.24,7.6,71.5,0.332948752,1.291074658
